tmin,tmax,erd_score,mu_erd,beta_erd,sfreq,motor_channels,quality_score,direction,filename,subject,method,pattern,iteration,label,file_path,n_channels,duration,segment_path
3.25,6.25,-151.7935942133219,-172.17163097617487,-131.41555745046892,250.0,"['EEG Fp1-Ref', 'EEG Fp2-Ref', 'EEG F7-Ref']",0.0,LR,kshama_move_LR_lower_1.edf,kshama,move,lower,1,1,data\raw\kshama_move_LR_lower_1.edf,22,6.996,data\processed\kshama_move_LR_lower_1_segment.npy
2.75,5.75,15.635219370499989,69.48238920452569,-38.21195046352571,250.0,"['EEG Fp1-Ref', 'EEG Fp2-Ref', 'EEG F7-Ref']",0.0,LR,kshama_move_LR_lower_2.edf,kshama,move,lower,2,1,data\raw\kshama_move_LR_lower_2.edf,22,6.996,data\processed\kshama_move_LR_lower_2_segment.npy
3.75,6.75,85.69754515390866,92.93563847064246,78.45945183717485,250.0,"['EEG Fp1-Ref', 'EEG Fp2-Ref', 'EEG F7-Ref']",0.0,LR,kshama_move_LR_lower_3.edf,kshama,move,lower,3,1,data\raw\kshama_move_LR_lower_3.edf,22,6.996,data\processed\kshama_move_LR_lower_3_segment.npy
1.25,4.25,11.787644215485242,22.679521568674094,0.8957668622963896,250.0,"['EEG Fp1-Ref', 'EEG Fp2-Ref', 'EEG F7-Ref']",0.0,LR,kshama_move_LR_straight_1.edf,kshama,move,straight,1,1,data\raw\kshama_move_LR_straight_1.edf,22,6.996,data\processed\kshama_move_LR_straight_1_segment.npy
1.75,4.75,31.208627702763035,28.338583109697673,34.0786722958284,250.0,"['EEG Fp1-Ref', 'EEG Fp2-Ref', 'EEG F7-Ref']",0.0,LR,kshama_move_LR_straight_2.edf,kshama,move,straight,2,1,data\raw\kshama_move_LR_straight_2.edf,22,6.996,data\processed\kshama_move_LR_straight_2_segment.npy
3.5,6.5,1.8549524878519925,63.931495174563494,-60.22159019885951,250.0,"['EEG Fp1-Ref', 'EEG Fp2-Ref', 'EEG F7-Ref']",0.0,LR,kshama_move_LR_straight_3.edf,kshama,move,straight,3,1,data\raw\kshama_move_LR_straight_3.edf,22,6.996,data\processed\kshama_move_LR_straight_3_segment.npy
4.75,7.75,69.77236050597237,76.69310990266654,62.85161110927822,250.0,"['EEG Fp1-Ref', 'EEG Fp2-Ref', 'EEG F7-Ref']",0.0,LR,kshama_move_LR_upper_1.edf,kshama,move,upper,1,1,data\raw\kshama_move_LR_upper_1.edf,22,7.996,data\processed\kshama_move_LR_upper_1_segment.npy
4.5,7.5,64.6471139366622,65.53314495655106,63.761082916773326,250.0,"['EEG Fp1-Ref', 'EEG Fp2-Ref', 'EEG F7-Ref']",0.0,LR,kshama_move_LR_upper_2.edf,kshama,move,upper,2,1,data\raw\kshama_move_LR_upper_2.edf,22,7.996,data\processed\kshama_move_LR_upper_2_segment.npy
1.0,4.0,16.14780314063586,9.57049001054205,22.725116270729675,250.0,"['EEG Fp1-Ref', 'EEG Fp2-Ref', 'EEG F7-Ref']",0.0,LR,kshama_move_LR_upper_3.edf,kshama,move,upper,3,1,data\raw\kshama_move_LR_upper_3.edf,22,6.996,data\processed\kshama_move_LR_upper_3_segment.npy
5.25,8.25,9.485020940326354,-10.239250479433183,29.209292360085893,250.0,"['EEG Fp1-Ref', 'EEG Fp2-Ref', 'EEG F7-Ref']",0.0,RL,kshama_move_RL_lower_1.edf,kshama,move,lower,1,0,data\raw\kshama_move_RL_lower_1.edf,22,8.996,data\processed\kshama_move_RL_lower_1_segment.npy
2.25,5.25,65.57461281329479,59.11003909258128,72.03918653400831,250.0,"['EEG Fp1-Ref', 'EEG Fp2-Ref', 'EEG F7-Ref']",0.0,RL,kshama_move_RL_lower_2.edf,kshama,move,lower,2,0,data\raw\kshama_move_RL_lower_2.edf,22,6.996,data\processed\kshama_move_RL_lower_2_segment.npy
3.5,6.5,81.75104290494176,81.96866010282251,81.53342570706099,250.0,"['EEG Fp1-Ref', 'EEG Fp2-Ref', 'EEG F7-Ref']",0.0,RL,kshama_move_RL_lower_3.edf,kshama,move,lower,3,0,data\raw\kshama_move_RL_lower_3.edf,22,6.996,data\processed\kshama_move_RL_lower_3_segment.npy
2.75,5.75,-18.557935561566005,-26.598409103578646,-10.517462019553367,250.0,"['EEG Fp1-Ref', 'EEG Fp2-Ref', 'EEG F7-Ref']",0.0,RL,kshama_move_RL_straight_1.edf,kshama,move,straight,1,0,data\raw\kshama_move_RL_straight_1.edf,22,5.996,data\processed\kshama_move_RL_straight_1_segment.npy
2.75,5.75,25.103152798281766,23.28564968598529,26.92065591057824,250.0,"['EEG Fp1-Ref', 'EEG Fp2-Ref', 'EEG F7-Ref']",0.0,RL,kshama_move_RL_straight_2.edf,kshama,move,straight,2,0,data\raw\kshama_move_RL_straight_2.edf,22,5.996,data\processed\kshama_move_RL_straight_2_segment.npy
0.5,3.5,61.439349053045675,70.95920767257667,51.91949043351468,250.0,"['EEG Fp1-Ref', 'EEG Fp2-Ref', 'EEG F7-Ref']",0.0,RL,kshama_move_RL_straight_3.edf,kshama,move,straight,3,0,data\raw\kshama_move_RL_straight_3.edf,22,4.996,data\processed\kshama_move_RL_straight_3_segment.npy
2.5,5.5,64.04339579227091,81.296720584353,46.79007100018883,250.0,"['EEG Fp1-Ref', 'EEG Fp2-Ref', 'EEG F7-Ref']",0.0,RL,kshama_move_RL_upper_1.edf,kshama,move,upper,1,0,data\raw\kshama_move_RL_upper_1.edf,22,6.996,data\processed\kshama_move_RL_upper_1_segment.npy
3.5,6.5,49.16994557114696,56.36711090884579,41.972780233448134,250.0,"['EEG Fp1-Ref', 'EEG Fp2-Ref', 'EEG F7-Ref']",0.0,RL,kshama_move_RL_upper_2.edf,kshama,move,upper,2,0,data\raw\kshama_move_RL_upper_2.edf,22,7.996,data\processed\kshama_move_RL_upper_2_segment.npy
2.5,5.5,39.55696156426838,74.66687078309279,4.447052345443961,250.0,"['EEG Fp1-Ref', 'EEG Fp2-Ref', 'EEG F7-Ref']",0.0,RL,kshama_move_RL_upper_3.edf,kshama,move,upper,3,0,data\raw\kshama_move_RL_upper_3.edf,22,6.996,data\processed\kshama_move_RL_upper_3_segment.npy
3.5,6.5,47.60816988681073,51.29032827916964,43.926011494451814,250.0,"['EEG Fp1-Ref', 'EEG Fp2-Ref', 'EEG F7-Ref']",0.0,LR,kshama_watch_LR_lower_1.edf,kshama,watch,lower,1,1,data\raw\kshama_watch_LR_lower_1.edf,22,7.996,data\processed\kshama_watch_LR_lower_1_segment.npy
0.75,3.75,-22.246200885066088,-12.859196367749778,-31.6332054023824,250.0,"['EEG Fp1-Ref', 'EEG Fp2-Ref', 'EEG F7-Ref']",0.0,LR,kshama_watch_LR_lower_2.edf,kshama,watch,lower,2,1,data\raw\kshama_watch_LR_lower_2.edf,22,7.996,data\processed\kshama_watch_LR_lower_2_segment.npy
0.75,3.75,2.047200823539312,8.739808618360644,-4.6454069712820205,250.0,"['EEG Fp1-Ref', 'EEG Fp2-Ref', 'EEG F7-Ref']",0.0,LR,kshama_watch_LR_lower_3.edf,kshama,watch,lower,3,1,data\raw\kshama_watch_LR_lower_3.edf,22,7.996,data\processed\kshama_watch_LR_lower_3_segment.npy
1.0,4.0,-69.49256766248622,-129.56652908859837,-9.418606236374071,250.0,"['EEG Fp1-Ref', 'EEG Fp2-Ref', 'EEG F7-Ref']",0.0,LR,kshama_watch_LR_straight_1.edf,kshama,watch,straight,1,1,data\raw\kshama_watch_LR_straight_1.edf,22,4.996,data\processed\kshama_watch_LR_straight_1_segment.npy
1.75,4.75,-23.531040014371285,19.775692256181653,-66.83777228492423,250.0,"['EEG Fp1-Ref', 'EEG Fp2-Ref', 'EEG F7-Ref']",0.0,LR,kshama_watch_LR_straight_2.edf,kshama,watch,straight,2,1,data\raw\kshama_watch_LR_straight_2.edf,22,4.996,data\processed\kshama_watch_LR_straight_2_segment.npy
2.25,5.25,-25.730021879147777,-34.10274844258507,-17.357295315710488,250.0,"['EEG Fp1-Ref', 'EEG Fp2-Ref', 'EEG F7-Ref']",0.0,LR,kshama_watch_LR_straight_3.edf,kshama,watch,straight,3,1,data\raw\kshama_watch_LR_straight_3.edf,22,5.996,data\processed\kshama_watch_LR_straight_3_segment.npy
3.25,6.25,-5.59140961688621,37.80062054158143,-48.98343977535385,250.0,"['EEG Fp1-Ref', 'EEG Fp2-Ref', 'EEG F7-Ref']",0.0,LR,kshama_watch_LR_upper_1.edf,kshama,watch,upper,1,1,data\raw\kshama_watch_LR_upper_1.edf,22,7.996,data\processed\kshama_watch_LR_upper_1_segment.npy
1.75,4.75,-3.8339883220058546,37.181475753626906,-44.849452397638615,250.0,"['EEG Fp1-Ref', 'EEG Fp2-Ref', 'EEG F7-Ref']",0.0,LR,kshama_watch_LR_upper_2.edf,kshama,watch,upper,2,1,data\raw\kshama_watch_LR_upper_2.edf,22,7.996,data\processed\kshama_watch_LR_upper_2_segment.npy
1.25,4.25,-70.97593626881769,-56.36836740918656,-85.5835051284488,250.0,"['EEG Fp1-Ref', 'EEG Fp2-Ref', 'EEG F7-Ref']",0.0,LR,kshama_watch_LR_upper_3.edf,kshama,watch,upper,3,1,data\raw\kshama_watch_LR_upper_3.edf,22,6.996,data\processed\kshama_watch_LR_upper_3_segment.npy
1.25,4.25,59.47788641006855,49.61185810907074,69.34391471106636,250.0,"['EEG Fp1-Ref', 'EEG Fp2-Ref', 'EEG F7-Ref']",0.0,RL,kshama_watch_RL_lower_1.edf,kshama,watch,lower,1,0,data\raw\kshama_watch_RL_lower_1.edf,22,6.996,data\processed\kshama_watch_RL_lower_1_segment.npy
3.5,6.5,11.538206646542472,-10.239151801397465,33.31556509448241,250.0,"['EEG Fp1-Ref', 'EEG Fp2-Ref', 'EEG F7-Ref']",0.0,RL,kshama_watch_RL_lower_2.edf,kshama,watch,lower,2,0,data\raw\kshama_watch_RL_lower_2.edf,22,6.996,data\processed\kshama_watch_RL_lower_2_segment.npy
0.75,3.75,32.39161968303155,45.89899431554797,18.88424505051513,250.0,"['EEG Fp1-Ref', 'EEG Fp2-Ref', 'EEG F7-Ref']",0.0,RL,kshama_watch_RL_lower_3.edf,kshama,watch,lower,3,0,data\raw\kshama_watch_RL_lower_3.edf,22,7.996,data\processed\kshama_watch_RL_lower_3_segment.npy
2.75,5.75,22.10670991015398,66.02926403015785,-21.81584420984988,250.0,"['EEG Fp1-Ref', 'EEG Fp2-Ref', 'EEG F7-Ref']",0.0,RL,kshama_watch_RL_straight_1.edf,kshama,watch,straight,1,0,data\raw\kshama_watch_RL_straight_1.edf,22,5.996,data\processed\kshama_watch_RL_straight_1_segment.npy
1.75,4.75,17.356224773080015,37.71255848917535,-3.000108943015322,250.0,"['EEG Fp1-Ref', 'EEG Fp2-Ref', 'EEG F7-Ref']",0.0,RL,kshama_watch_RL_straight_2.edf,kshama,watch,straight,2,0,data\raw\kshama_watch_RL_straight_2.edf,22,4.996,data\processed\kshama_watch_RL_straight_2_segment.npy
1.5,4.5,-100.74905154514926,-162.84396803518732,-38.654135055111205,250.0,"['EEG Fp1-Ref', 'EEG Fp2-Ref', 'EEG F7-Ref']",0.0,RL,kshama_watch_RL_straight_3.edf,kshama,watch,straight,3,0,data\raw\kshama_watch_RL_straight_3.edf,22,4.996,data\processed\kshama_watch_RL_straight_3_segment.npy
0.5,3.5,43.45680265762105,64.61603342990337,22.29757188533873,250.0,"['EEG Fp1-Ref', 'EEG Fp2-Ref', 'EEG F7-Ref']",0.0,RL,kshama_watch_RL_upper_1.edf,kshama,watch,upper,1,0,data\raw\kshama_watch_RL_upper_1.edf,22,5.996,data\processed\kshama_watch_RL_upper_1_segment.npy
0.5,3.5,43.218690592302764,73.18598906631972,13.251392118285802,250.0,"['EEG Fp1-Ref', 'EEG Fp2-Ref', 'EEG F7-Ref']",0.0,RL,kshama_watch_RL_upper_2.edf,kshama,watch,upper,2,0,data\raw\kshama_watch_RL_upper_2.edf,22,5.996,data\processed\kshama_watch_RL_upper_2_segment.npy
1.75,4.75,38.5613198934641,25.63680129992263,51.485838487005566,250.0,"['EEG Fp1-Ref', 'EEG Fp2-Ref', 'EEG F7-Ref']",0.0,RL,kshama_watch_RL_upper_3.edf,kshama,watch,upper,3,0,data\raw\kshama_watch_RL_upper_3.edf,22,4.996,data\processed\kshama_watch_RL_upper_3_segment.npy
3.75,6.75,20.506092630170322,35.61871799838925,5.393467261951392,250.0,"['EEG Fp1-Ref', 'EEG Fp2-Ref', 'EEG F7-Ref']",0.0,LR,pradeep_move_LR_lower_1.edf,pradeep,move,lower,1,1,data\raw\pradeep_move_LR_lower_1.edf,22,6.996,data\processed\pradeep_move_LR_lower_1_segment.npy
1.75,4.75,11.095113786131014,31.40980449054018,-9.21957691827815,250.0,"['EEG Fp1-Ref', 'EEG Fp2-Ref', 'EEG F7-Ref']",0.0,LR,pradeep_move_LR_lower_2.edf,pradeep,move,lower,2,1,data\raw\pradeep_move_LR_lower_2.edf,22,7.996,data\processed\pradeep_move_LR_lower_2_segment.npy
1.0,4.0,42.852201533827895,74.89384097036654,10.810562097289248,250.0,"['EEG Fp1-Ref', 'EEG Fp2-Ref', 'EEG F7-Ref']",0.0,LR,pradeep_move_LR_straight_1.edf,pradeep,move,straight,1,1,data\raw\pradeep_move_LR_straight_1.edf,22,5.996,data\processed\pradeep_move_LR_straight_1_segment.npy
3.25,6.25,-4.208577066727878,-2.240496426220668,-6.176657707235089,250.0,"['EEG Fp1-Ref', 'EEG Fp2-Ref', 'EEG F7-Ref']",0.0,LR,pradeep_move_LR_straight_2.edf,pradeep,move,straight,2,1,data\raw\pradeep_move_LR_straight_2.edf,22,6.996,data\processed\pradeep_move_LR_straight_2_segment.npy
4.75,7.75,1.9216304620806555,-5.142582721300626,8.985843645461937,250.0,"['EEG Fp1-Ref', 'EEG Fp2-Ref', 'EEG F7-Ref']",0.0,LR,pradeep_move_LR_upper_1.edf,pradeep,move,upper,1,1,data\raw\pradeep_move_LR_upper_1.edf,22,7.996,data\processed\pradeep_move_LR_upper_1_segment.npy
4.75,7.75,-4.620627841422636,-11.534995105862846,2.293739423017573,250.0,"['EEG Fp1-Ref', 'EEG Fp2-Ref', 'EEG F7-Ref']",0.0,LR,pradeep_move_LR_upper_2.edf,pradeep,move,upper,2,1,data\raw\pradeep_move_LR_upper_2.edf,22,7.996,data\processed\pradeep_move_LR_upper_2_segment.npy
3.5,6.5,-71.02135339569611,-77.65026269391865,-64.39244409747359,250.0,"['EEG Fp1-Ref', 'EEG Fp2-Ref', 'EEG F7-Ref']",0.0,RL,pradeep_move_RL_lower_1.edf,pradeep,move,lower,1,0,data\raw\pradeep_move_RL_lower_1.edf,22,8.996,data\processed\pradeep_move_RL_lower_1_segment.npy
4.75,7.75,-2.7088651895138787,-9.741079406941386,4.323349027913629,250.0,"['EEG Fp1-Ref', 'EEG Fp2-Ref', 'EEG F7-Ref']",0.0,RL,pradeep_move_RL_lower_2.edf,pradeep,move,lower,2,0,data\raw\pradeep_move_RL_lower_2.edf,22,7.996,data\processed\pradeep_move_RL_lower_2_segment.npy
0.75,3.75,-38.88496418735289,-69.05954870250234,-8.710379672203441,250.0,"['EEG Fp1-Ref', 'EEG Fp2-Ref', 'EEG F7-Ref']",0.0,RL,pradeep_move_RL_straight_1.edf,pradeep,move,straight,1,0,data\raw\pradeep_move_RL_straight_1.edf,22,5.996,data\processed\pradeep_move_RL_straight_1_segment.npy
0.5,3.5,15.541302990383041,4.895245555639906,26.187360425126176,250.0,"['EEG Fp1-Ref', 'EEG Fp2-Ref', 'EEG F7-Ref']",0.0,RL,pradeep_move_RL_straight_2.edf,pradeep,move,straight,2,0,data\raw\pradeep_move_RL_straight_2.edf,22,5.996,data\processed\pradeep_move_RL_straight_2_segment.npy
3.75,6.75,4.850679927954317,5.184615338517956,4.516744517390678,250.0,"['EEG Fp1-Ref', 'EEG Fp2-Ref', 'EEG F7-Ref']",0.0,RL,pradeep_move_RL_upper_1.edf,pradeep,move,upper,1,0,data\raw\pradeep_move_RL_upper_1.edf,22,6.996,data\processed\pradeep_move_RL_upper_1_segment.npy
3.25,6.25,-16.490147196655727,-23.420772537330993,-9.559521855980456,250.0,"['EEG Fp1-Ref', 'EEG Fp2-Ref', 'EEG F7-Ref']",0.0,RL,pradeep_move_RL_upper_2.edf,pradeep,move,upper,2,0,data\raw\pradeep_move_RL_upper_2.edf,22,7.996,data\processed\pradeep_move_RL_upper_2_segment.npy
1.25,4.25,-1.7920095423155615,-4.747941244491921,1.1639221598607978,250.0,"['EEG Fp1-Ref', 'EEG Fp2-Ref', 'EEG F7-Ref']",0.0,LR,pradeep_watch_LR_lower_1.edf,pradeep,watch,lower,1,1,data\raw\pradeep_watch_LR_lower_1.edf,22,6.996,data\processed\pradeep_watch_LR_lower_1_segment.npy
3.5,6.5,46.002826462244634,32.832433780715434,59.173219143773835,250.0,"['EEG Fp1-Ref', 'EEG Fp2-Ref', 'EEG F7-Ref']",0.0,LR,pradeep_watch_LR_lower_2.edf,pradeep,watch,lower,2,1,data\raw\pradeep_watch_LR_lower_2.edf,22,6.996,data\processed\pradeep_watch_LR_lower_2_segment.npy
1.0,4.0,44.08147157950506,59.387014677463334,28.775928481546792,250.0,"['EEG Fp1-Ref', 'EEG Fp2-Ref', 'EEG F7-Ref']",0.0,LR,pradeep_watch_LR_straight_1.edf,pradeep,watch,straight,1,1,data\raw\pradeep_watch_LR_straight_1.edf,22,4.996,data\processed\pradeep_watch_LR_straight_1_segment.npy
0.5,3.5,37.067872907473195,46.846409710767304,27.289336104179085,250.0,"['EEG Fp1-Ref', 'EEG Fp2-Ref', 'EEG F7-Ref']",0.0,LR,pradeep_watch_LR_straight_2.edf,pradeep,watch,straight,2,1,data\raw\pradeep_watch_LR_straight_2.edf,22,4.996,data\processed\pradeep_watch_LR_straight_2_segment.npy
3.25,6.25,-1.6960572869584305,0.5603949927214054,-3.9525095666382666,250.0,"['EEG Fp1-Ref', 'EEG Fp2-Ref', 'EEG F7-Ref']",0.0,LR,pradeep_watch_LR_upper_1.edf,pradeep,watch,upper,1,1,data\raw\pradeep_watch_LR_upper_1.edf,22,6.996,data\processed\pradeep_watch_LR_upper_1_segment.npy
2.5,5.5,-3.497213171247643,-5.759751217325104,-1.2346751251701817,250.0,"['EEG Fp1-Ref', 'EEG Fp2-Ref', 'EEG F7-Ref']",0.0,LR,pradeep_watch_LR_upper_2.edf,pradeep,watch,upper,2,1,data\raw\pradeep_watch_LR_upper_2.edf,22,5.996,data\processed\pradeep_watch_LR_upper_2_segment.npy
1.25,4.25,-6.859193519105224,-5.332632046611376,-8.385754991599072,250.0,"['EEG Fp1-Ref', 'EEG Fp2-Ref', 'EEG F7-Ref']",0.0,RL,pradeep_watch_RL_lower_1.edf,pradeep,watch,lower,1,0,data\raw\pradeep_watch_RL_lower_1.edf,22,5.996,data\processed\pradeep_watch_RL_lower_1_segment.npy
3.75,6.75,51.747828511922926,65.2295664350744,38.26609058877145,250.0,"['EEG Fp1-Ref', 'EEG Fp2-Ref', 'EEG F7-Ref']",0.0,RL,pradeep_watch_RL_lower_2.edf,pradeep,watch,lower,2,0,data\raw\pradeep_watch_RL_lower_2.edf,22,6.996,data\processed\pradeep_watch_RL_lower_2_segment.npy
1.75,4.75,43.959803664258324,44.101872779337796,43.81773454917885,250.0,"['EEG Fp1-Ref', 'EEG Fp2-Ref', 'EEG F7-Ref']",0.0,RL,pradeep_watch_RL_straight_1.edf,pradeep,watch,straight,1,0,data\raw\pradeep_watch_RL_straight_1.edf,22,4.996,data\processed\pradeep_watch_RL_straight_1_segment.npy
2.75,5.75,11.813904190301384,17.45218472600746,6.1756236545953085,250.0,"['EEG Fp1-Ref', 'EEG Fp2-Ref', 'EEG F7-Ref']",0.0,RL,pradeep_watch_RL_straight_2.edf,pradeep,watch,straight,2,0,data\raw\pradeep_watch_RL_straight_2.edf,22,5.996,data\processed\pradeep_watch_RL_straight_2_segment.npy
1.75,4.75,5.971564341677642,14.20656398221266,-2.2634352988573774,250.0,"['EEG Fp1-Ref', 'EEG Fp2-Ref', 'EEG F7-Ref']",0.0,RL,pradeep_watch_RL_upper_1.edf,pradeep,watch,upper,1,0,data\raw\pradeep_watch_RL_upper_1.edf,22,4.996,data\processed\pradeep_watch_RL_upper_1_segment.npy
2.5,5.5,59.69244337115059,74.64381472260658,44.74107201969459,250.0,"['EEG Fp1-Ref', 'EEG Fp2-Ref', 'EEG F7-Ref']",0.0,RL,pradeep_watch_RL_upper_2.edf,pradeep,watch,upper,2,0,data\raw\pradeep_watch_RL_upper_2.edf,22,5.996,data\processed\pradeep_watch_RL_upper_2_segment.npy
1.75,4.75,-158.56003478118063,-105.6806333335167,-211.43943622884458,250.0,"['EEG Fp1-Ref', 'EEG Fp2-Ref', 'EEG F7-Ref']",0.0,LR,rohith_move_LR_lower_1.edf,rohith,move,lower,1,1,data\raw\rohith_move_LR_lower_1.edf,22,4.996,data\processed\rohith_move_LR_lower_1_segment.npy
3.75,6.75,24.11221360775817,18.698094683040818,29.526332532475525,250.0,"['EEG Fp1-Ref', 'EEG Fp2-Ref', 'EEG F7-Ref']",0.0,LR,rohith_move_LR_lower_2.edf,rohith,move,lower,2,1,data\raw\rohith_move_LR_lower_2.edf,22,6.996,data\processed\rohith_move_LR_lower_2_segment.npy
4.25,7.25,38.74873292061465,57.26851048326884,20.228955357960455,250.0,"['EEG Fp1-Ref', 'EEG Fp2-Ref', 'EEG F7-Ref']",0.0,LR,rohith_move_LR_lower_3.edf,rohith,move,lower,3,1,data\raw\rohith_move_LR_lower_3.edf,22,7.996,data\processed\rohith_move_LR_lower_3_segment.npy
0.75,3.75,49.44692073342802,30.23910980725893,68.65473165959712,250.0,"['EEG Fp1-Ref', 'EEG Fp2-Ref', 'EEG F7-Ref']",0.0,LR,rohith_move_LR_straight_1.edf,rohith,move,straight,1,1,data\raw\rohith_move_LR_straight_1.edf,22,3.996,data\processed\rohith_move_LR_straight_1_segment.npy
1.5,4.5,-55.16546492716123,-81.1387721543699,-29.192157699952563,250.0,"['EEG Fp1-Ref', 'EEG Fp2-Ref', 'EEG F7-Ref']",0.0,LR,rohith_move_LR_straight_2.edf,rohith,move,straight,2,1,data\raw\rohith_move_LR_straight_2.edf,22,5.996,data\processed\rohith_move_LR_straight_2_segment.npy
3.25,6.25,-0.15867680310329835,-7.344615063907073,7.027261457700476,250.0,"['EEG Fp1-Ref', 'EEG Fp2-Ref', 'EEG F7-Ref']",0.0,LR,rohith_move_LR_straight_3.edf,rohith,move,straight,3,1,data\raw\rohith_move_LR_straight_3.edf,22,6.996,data\processed\rohith_move_LR_straight_3_segment.npy
0.75,3.75,-30.888020751551537,-2.5403764405861584,-59.235665062516915,250.0,"['EEG Fp1-Ref', 'EEG Fp2-Ref', 'EEG F7-Ref']",0.0,LR,rohith_move_LR_upper_1.edf,rohith,move,upper,1,1,data\raw\rohith_move_LR_upper_1.edf,22,3.996,data\processed\rohith_move_LR_upper_1_segment.npy
2.25,5.25,2.204820912434297,-14.648913138564229,19.058554963432822,250.0,"['EEG Fp1-Ref', 'EEG Fp2-Ref', 'EEG F7-Ref']",0.0,LR,rohith_move_LR_upper_2.edf,rohith,move,upper,2,1,data\raw\rohith_move_LR_upper_2.edf,22,6.996,data\processed\rohith_move_LR_upper_2_segment.npy
1.5,4.5,55.93372231005704,51.5817256488996,60.285718971214486,250.0,"['EEG Fp1-Ref', 'EEG Fp2-Ref', 'EEG F7-Ref']",0.0,LR,rohith_move_LR_upper_3.edf,rohith,move,upper,3,1,data\raw\rohith_move_LR_upper_3.edf,22,6.996,data\processed\rohith_move_LR_upper_3_segment.npy
0.75,3.75,17.224656020837195,12.595656883136677,21.853655158537713,250.0,"['EEG Fp1-Ref', 'EEG Fp2-Ref', 'EEG F7-Ref']",0.0,RL,rohith_move_RL_lower_1.edf,rohith,move,lower,1,0,data\raw\rohith_move_RL_lower_1.edf,22,3.996,data\processed\rohith_move_RL_lower_1_segment.npy
0.5,3.5,4.370328837856711,43.86591099054348,-35.12525331483006,250.0,"['EEG Fp1-Ref', 'EEG Fp2-Ref', 'EEG F7-Ref']",0.0,RL,rohith_move_RL_lower_2.edf,rohith,move,lower,2,0,data\raw\rohith_move_RL_lower_2.edf,22,7.996,data\processed\rohith_move_RL_lower_2_segment.npy
1.0,4.0,0.2854377890406976,32.16300377964117,-31.592128201559778,250.0,"['EEG Fp1-Ref', 'EEG Fp2-Ref', 'EEG F7-Ref']",0.0,RL,rohith_move_RL_lower_3.edf,rohith,move,lower,3,0,data\raw\rohith_move_RL_lower_3.edf,22,7.996,data\processed\rohith_move_RL_lower_3_segment.npy
0.0,2.996,0.0,0.0,0.0,250.0,"['EEG Fp1-Ref', 'EEG Fp2-Ref', 'EEG F7-Ref']",0.0,RL,rohith_move_RL_straight_1.edf,rohith,move,straight,1,0,data\raw\rohith_move_RL_straight_1.edf,22,2.996,data\processed\rohith_move_RL_straight_1_segment.npy
1.75,4.75,-47.791447133905564,-117.24072007785644,21.657825810045303,250.0,"['EEG Fp1-Ref', 'EEG Fp2-Ref', 'EEG F7-Ref']",0.0,RL,rohith_move_RL_straight_2.edf,rohith,move,straight,2,0,data\raw\rohith_move_RL_straight_2.edf,22,4.996,data\processed\rohith_move_RL_straight_2_segment.npy
2.0,5.0,48.53676322057488,52.30647904782386,44.76704739332591,250.0,"['EEG Fp1-Ref', 'EEG Fp2-Ref', 'EEG F7-Ref']",0.0,RL,rohith_move_RL_straight_3.edf,rohith,move,straight,3,0,data\raw\rohith_move_RL_straight_3.edf,22,5.996,data\processed\rohith_move_RL_straight_3_segment.npy
0.75,3.75,23.20650342746415,17.824567996036095,28.5884388588922,250.0,"['EEG Fp1-Ref', 'EEG Fp2-Ref', 'EEG F7-Ref']",0.0,RL,rohith_move_RL_upper_1.edf,rohith,move,upper,1,0,data\raw\rohith_move_RL_upper_1.edf,22,3.996,data\processed\rohith_move_RL_upper_1_segment.npy
0.5,3.5,-24.246805303956165,37.08537889676529,-85.57898950467762,250.0,"['EEG Fp1-Ref', 'EEG Fp2-Ref', 'EEG F7-Ref']",0.0,RL,rohith_move_RL_upper_2.edf,rohith,move,upper,2,0,data\raw\rohith_move_RL_upper_2.edf,22,7.996,data\processed\rohith_move_RL_upper_2_segment.npy
1.25,4.25,37.09064168932859,70.29049672678582,3.8907866518713705,250.0,"['EEG Fp1-Ref', 'EEG Fp2-Ref', 'EEG F7-Ref']",0.0,RL,rohith_move_RL_upper_3.edf,rohith,move,upper,3,0,data\raw\rohith_move_RL_upper_3.edf,22,6.996,data\processed\rohith_move_RL_upper_3_segment.npy
3.75,6.75,35.96793410749823,50.31514426638742,21.620723948609037,250.0,"['EEG Fp1-Ref', 'EEG Fp2-Ref', 'EEG F7-Ref']",0.0,LR,rohith_watch_LR_lower_1.edf,rohith,watch,lower,1,1,data\raw\rohith_watch_LR_lower_1.edf,22,6.996,data\processed\rohith_watch_LR_lower_1_segment.npy
0.5,3.5,11.642025824839237,17.411159295219502,5.872892354458974,250.0,"['EEG Fp1-Ref', 'EEG Fp2-Ref', 'EEG F7-Ref']",0.0,LR,rohith_watch_LR_lower_2.edf,rohith,watch,lower,2,1,data\raw\rohith_watch_LR_lower_2.edf,22,6.996,data\processed\rohith_watch_LR_lower_2_segment.npy
0.5,3.5,9.085532162516596,19.005031088415013,-0.8339667633818213,250.0,"['EEG Fp1-Ref', 'EEG Fp2-Ref', 'EEG F7-Ref']",0.0,LR,rohith_watch_LR_lower_3.edf,rohith,watch,lower,3,1,data\raw\rohith_watch_LR_lower_3.edf,22,6.996,data\processed\rohith_watch_LR_lower_3_segment.npy
1.0,4.0,49.216502460911386,44.83604522443255,53.596959697390226,250.0,"['EEG Fp1-Ref', 'EEG Fp2-Ref', 'EEG F7-Ref']",0.0,LR,rohith_watch_LR_straight_1.edf,rohith,watch,straight,1,1,data\raw\rohith_watch_LR_straight_1.edf,22,4.996,data\processed\rohith_watch_LR_straight_1_segment.npy
2.5,5.5,-7.406426742210311,-5.275193876891851,-9.53765960752877,250.0,"['EEG Fp1-Ref', 'EEG Fp2-Ref', 'EEG F7-Ref']",0.0,LR,rohith_watch_LR_straight_2.edf,rohith,watch,straight,2,1,data\raw\rohith_watch_LR_straight_2.edf,22,5.996,data\processed\rohith_watch_LR_straight_2_segment.npy
0.75,3.75,-114.97594576436849,-32.16731124651028,-197.7845802822267,250.0,"['EEG Fp1-Ref', 'EEG Fp2-Ref', 'EEG F7-Ref']",0.0,LR,rohith_watch_LR_straight_3.edf,rohith,watch,straight,3,1,data\raw\rohith_watch_LR_straight_3.edf,22,4.996,data\processed\rohith_watch_LR_straight_3_segment.npy
0.75,3.75,-386.6111935185314,-724.892630466809,-48.329756570253785,250.0,"['EEG Fp1-Ref', 'EEG Fp2-Ref', 'EEG F7-Ref']",0.0,LR,rohith_watch_LR_upper_1.edf,rohith,watch,upper,1,1,data\raw\rohith_watch_LR_upper_1.edf,22,6.996,data\processed\rohith_watch_LR_upper_1_segment.npy
2.75,5.75,15.624518873554878,24.78185055877399,6.4671871883357674,250.0,"['EEG Fp1-Ref', 'EEG Fp2-Ref', 'EEG F7-Ref']",0.0,LR,rohith_watch_LR_upper_2.edf,rohith,watch,upper,2,1,data\raw\rohith_watch_LR_upper_2.edf,22,6.996,data\processed\rohith_watch_LR_upper_2_segment.npy
3.75,6.75,-27.147484331897218,-3.9427619102928864,-50.35220675350155,250.0,"['EEG Fp1-Ref', 'EEG Fp2-Ref', 'EEG F7-Ref']",0.0,LR,rohith_watch_LR_upper_3.edf,rohith,watch,upper,3,1,data\raw\rohith_watch_LR_upper_3.edf,22,6.996,data\processed\rohith_watch_LR_upper_3_segment.npy
0.5,3.5,-178.80598363735965,-382.51543913421875,24.903471859499465,250.0,"['EEG Fp1-Ref', 'EEG Fp2-Ref', 'EEG F7-Ref']",0.0,RL,rohith_watch_RL_lower_1.edf,rohith,watch,lower,1,0,data\raw\rohith_watch_RL_lower_1.edf,22,6.996,data\processed\rohith_watch_RL_lower_1_segment.npy
3.75,6.75,-5.4674319223148515,52.312218900574095,-63.2470827452038,250.0,"['EEG Fp1-Ref', 'EEG Fp2-Ref', 'EEG F7-Ref']",0.0,RL,rohith_watch_RL_lower_2.edf,rohith,watch,lower,2,0,data\raw\rohith_watch_RL_lower_2.edf,22,6.996,data\processed\rohith_watch_RL_lower_2_segment.npy
0.5,3.5,59.331331473363406,70.79183582738222,47.87082711934459,250.0,"['EEG Fp1-Ref', 'EEG Fp2-Ref', 'EEG F7-Ref']",0.0,RL,rohith_watch_RL_lower_3.edf,rohith,watch,lower,3,0,data\raw\rohith_watch_RL_lower_3.edf,22,6.996,data\processed\rohith_watch_RL_lower_3_segment.npy
1.5,4.5,-308.0500426062133,-565.7914519669908,-50.30863324543575,250.0,"['EEG Fp1-Ref', 'EEG Fp2-Ref', 'EEG F7-Ref']",0.0,RL,rohith_watch_RL_straight_1.edf,rohith,watch,straight,1,0,data\raw\rohith_watch_RL_straight_1.edf,22,4.996,data\processed\rohith_watch_RL_straight_1_segment.npy
1.25,4.25,36.72971889334758,71.67644535349056,1.7829924332046023,250.0,"['EEG Fp1-Ref', 'EEG Fp2-Ref', 'EEG F7-Ref']",0.0,RL,rohith_watch_RL_straight_2.edf,rohith,watch,straight,2,0,data\raw\rohith_watch_RL_straight_2.edf,22,4.996,data\processed\rohith_watch_RL_straight_2_segment.npy
0.5,3.5,4.369656851922561,2.91712740649998,5.822186297345142,250.0,"['EEG Fp1-Ref', 'EEG Fp2-Ref', 'EEG F7-Ref']",0.0,RL,rohith_watch_RL_straight_3.edf,rohith,watch,straight,3,0,data\raw\rohith_watch_RL_straight_3.edf,22,4.996,data\processed\rohith_watch_RL_straight_3_segment.npy
0.75,3.75,-53.2206964013921,-96.14054584639314,-10.300846956391052,250.0,"['EEG Fp1-Ref', 'EEG Fp2-Ref', 'EEG F7-Ref']",0.0,RL,rohith_watch_RL_upper_1.edf,rohith,watch,upper,1,0,data\raw\rohith_watch_RL_upper_1.edf,22,5.996,data\processed\rohith_watch_RL_upper_1_segment.npy
1.25,4.25,-29.667186548746557,-41.79676551719297,-17.537607580300136,250.0,"['EEG Fp1-Ref', 'EEG Fp2-Ref', 'EEG F7-Ref']",0.0,RL,rohith_watch_RL_upper_2.edf,rohith,watch,upper,2,0,data\raw\rohith_watch_RL_upper_2.edf,22,4.996,data\processed\rohith_watch_RL_upper_2_segment.npy
0.5,3.5,-65.17587495032316,-77.46525814459181,-52.88649175605451,250.0,"['EEG Fp1-Ref', 'EEG Fp2-Ref', 'EEG F7-Ref']",0.0,RL,rohith_watch_RL_upper_3.edf,rohith,watch,upper,3,0,data\raw\rohith_watch_RL_upper_3.edf,22,6.996,data\processed\rohith_watch_RL_upper_3_segment.npy
